1680911291000,1866.81000000,1866.81000000,1866.81000000,1866.81000000,0.00000000
1680911292000,1866.81000000,1866.81000000,1866.81000000,1866.81000000,0.00000000
1680911293000,1866.81000000,1866.81000000,1866.81000000,1866.81000000,0.00000000
1680911294000,1866.81000000,1866.81000000,1866.81000000,1866.81000000,0.00000000
1680911295000,1866.81000000,1866.81000000,1866.81000000,1866.81000000,0.00000000
1680911296000,1866.81000000,1866.81000000,1866.81000000,1866.81000000,0.00000000
1680911297000,1866.81000000,1866.81000000,1866.81000000,1866.81000000,0.00000000
1680911298000,1866.71000000,1866.71000000,1866.71000000,1866.71000000,0.15670000
1680911299000,1866.71000000,1866.71000000,1866.71000000,1866.71000000,0.00000000
1680911300000,1866.71000000,1866.71000000,1866.71000000,1866.71000000,0.00000000
1680911301000,1866.71000000,1866.71000000,1866.71000000,1866.71000000,0.00910000
1680911302000,1866.71000000,1866.71000000,1866.71000000,1866.71000000,0.00000000
1680911303000,1866.71000000,1866.71000000,1866.71000000,1866.71000000,0.00000000
1680911304000,1866.71000000,1866.71000000,1866.71000000,1866.71000000,0.00000000
1680911305000,1866.71000000,1866.71000000,1866.71000000,1866.71000000,0.00000000
1680911306000,1866.71000000,1866.71000000,1866.71000000,1866.71000000,0.00000000
1680911307000,1866.71000000,1866.71000000,1866.71000000,1866.71000000,0.00000000
1680911308000,1866.71000000,1866.71000000,1866.71000000,1866.71000000,0.00000000
1680911309000,1866.71000000,1866.71000000,1866.71000000,1866.71000000,0.00000000
1680911310000,1866.71000000,1866.71000000,1866.71000000,1866.71000000,0.00000000
1680911311000,1866.71000000,1866.71000000,1866.71000000,1866.71000000,0.00000000
1680911312000,1866.71000000,1866.71000000,1866.71000000,1866.71000000,0.00000000
1680911313000,1866.71000000,1866.71000000,1866.71000000,1866.71000000,0.00000000
1680911314000,1866.71000000,1866.71000000,1866.71000000,1866.71000000,0.00000000
1680911315000,1866.71000000,1866.71000000,1866.71000000,1866.71000000,0.00000000
1680911316000,1866.71000000,1866.71000000,1866.71000000,1866.71000000,0.00000000
1680911317000,1866.71000000,1866.71000000,1866.71000000,1866.71000000,0.00000000
1680911318000,1866.71000000,1866.71000000,1866.71000000,1866.71000000,0.00000000
1680911319000,1866.71000000,1866.71000000,1866.71000000,1866.71000000,0.00000000
1680911320000,1866.71000000,1866.71000000,1866.71000000,1866.71000000,0.00000000
1680911321000,1866.71000000,1866.71000000,1866.71000000,1866.71000000,0.00000000
1680911322000,1866.71000000,1866.71000000,1866.71000000,1866.71000000,0.00000000
1680911323000,1866.71000000,1866.71000000,1866.71000000,1866.71000000,0.00000000
1680911324000,1866.71000000,1866.71000000,1866.71000000,1866.71000000,0.00000000
1680911325000,1866.71000000,1866.71000000,1866.71000000,1866.71000000,0.00000000
1680911326000,1866.71000000,1866.71000000,1866.71000000,1866.71000000,0.00000000
1680911327000,1866.71000000,1866.71000000,1866.71000000,1866.71000000,0.00000000
1680911328000,1866.71000000,1866.71000000,1866.71000000,1866.71000000,0.00000000
1680911329000,1866.71000000,1866.71000000,1866.71000000,1866.71000000,0.00000000
1680911330000,1866.71000000,1866.71000000,1866.71000000,1866.71000000,0.00000000
1680911331000,1866.71000000,1866.71000000,1866.71000000,1866.71000000,0.00000000
1680911332000,1866.71000000,1866.71000000,1866.71000000,1866.71000000,0.00000000
1680911333000,1866.71000000,1866.71000000,1866.71000000,1866.71000000,0.00000000
1680911334000,1866.71000000,1866.71000000,1866.71000000,1866.71000000,0.00000000
1680911335000,1866.71000000,1866.71000000,1866.71000000,1866.71000000,0.00000000
1680911336000,1866.71000000,1866.71000000,1866.71000000,1866.71000000,0.00000000
1680911337000,1866.71000000,1866.71000000,1866.71000000,1866.71000000,0.00000000
1680911338000,1866.71000000,1866.71000000,1866.71000000,1866.71000000,0.00000000
1680911339000,1866.71000000,1866.71000000,1866.71000000,1866.71000000,0.00000000
1680911340000,1866.71000000,1866.71000000,1866.71000000,1866.71000000,0.00000000
1680911341000,1866.71000000,1866.71000000,1866.71000000,1866.71000000,0.00000000
1680911342000,1866.71000000,1866.71000000,1866.71000000,1866.71000000,0.00000000
1680911343000,1866.71000000,1866.71000000,1866.71000000,1866.71000000,0.00000000
1680911344000,1866.71000000,1866.71000000,1866.71000000,1866.71000000,0.00000000
1680911345000,1866.71000000,1866.71000000,1866.71000000,1866.71000000,0.00000000
1680911346000,1866.71000000,1866.71000000,1866.71000000,1866.71000000,0.00000000
1680911347000,1866.71000000,1866.71000000,1866.71000000,1866.71000000,0.00000000
1680911348000,1866.71000000,1866.71000000,1866.71000000,1866.71000000,0.00000000
1680911349000,1866.71000000,1866.71000000,1866.71000000,1866.71000000,0.00000000
1680911350000,1866.71000000,1866.71000000,1866.71000000,1866.71000000,0.00000000
1680911351000,1866.71000000,1866.71000000,1866.71000000,1866.71000000,0.00000000
1680911352000,1866.71000000,1866.71000000,1866.71000000,1866.71000000,0.00000000
1680911353000,1866.71000000,1866.71000000,1866.71000000,1866.71000000,0.00000000
1680911354000,1866.71000000,1866.71000000,1866.71000000,1866.71000000,0.00000000
1680911355000,1866.71000000,1866.71000000,1866.71000000,1866.71000000,0.00000000
1680911356000,1866.71000000,1866.71000000,1866.71000000,1866.71000000,0.00000000
1680911357000,1866.71000000,1866.71000000,1866.71000000,1866.71000000,0.00000000
1680911358000,1866.71000000,1866.71000000,1866.71000000,1866.71000000,0.00000000
1680911359000,1866.71000000,1866.71000000,1866.71000000,1866.71000000,0.00000000
1680911360000,1866.71000000,1866.71000000,1866.71000000,1866.71000000,0.00000000
1680911361000,1866.71000000,1866.71000000,1866.71000000,1866.71000000,0.00000000
1680911362000,1866.71000000,1866.71000000,1866.71000000,1866.71000000,0.00000000
1680911363000,1866.71000000,1866.71000000,1866.71000000,1866.71000000,0.00000000
1680911364000,1866.71000000,1866.71000000,1866.71000000,1866.71000000,0.00000000
1680911365000,1866.71000000,1866.71000000,1866.71000000,1866.71000000,0.00000000
1680911366000,1866.71000000,1866.71000000,1866.71000000,1866.71000000,0.00000000
1680911367000,1866.71000000,1866.71000000,1866.71000000,1866.71000000,0.00000000
1680911368000,1866.71000000,1866.71000000,1866.71000000,1866.71000000,0.00000000
1680911369000,1866.71000000,1866.71000000,1866.71000000,1866.71000000,0.00000000
1680911370000,1866.71000000,1866.71000000,1866.71000000,1866.71000000,0.00000000
1680911371000,1866.71000000,1866.71000000,1866.71000000,1866.71000000,0.00000000
1680911372000,1866.71000000,1866.71000000,1866.71000000,1866.71000000,0.00000000
1680911373000,1866.71000000,1866.71000000,1866.71000000,1866.71000000,0.00000000
1680911374000,1866.71000000,1866.71000000,1866.71000000,1866.71000000,0.00000000
1680911375000,1866.71000000,1866.71000000,1866.71000000,1866.71000000,0.00000000
1680911376000,1866.71000000,1866.71000000,1866.71000000,1866.71000000,0.00000000
1680911377000,1866.71000000,1866.71000000,1866.71000000,1866.71000000,0.00000000
1680911378000,1866.71000000,1866.71000000,1866.71000000,1866.71000000,0.00000000
1680911379000,1866.71000000,1866.71000000,1866.71000000,1866.71000000,0.00000000
1680911380000,1866.71000000,1866.71000000,1866.71000000,1866.71000000,0.00000000
1680911381000,1866.71000000,1866.71000000,1866.71000000,1866.71000000,0.00000000
1680911382000,1866.71000000,1866.71000000,1866.71000000,1866.71000000,0.00000000
1680911383000,1866.71000000,1866.71000000,1866.71000000,1866.71000000,0.00000000
1680911384000,1866.71000000,1866.71000000,1866.71000000,1866.71000000,0.00000000
1680911385000,1866.71000000,1866.71000000,1866.71000000,1866.71000000,0.00000000
1680911386000,1866.71000000,1866.71000000,1866.71000000,1866.71000000,0.00000000
1680911387000,1866.71000000,1866.71000000,1866.71000000,1866.71000000,0.00000000
1680911388000,1866.71000000,1866.71000000,1866.71000000,1866.71000000,0.00000000
1680911389000,1866.71000000,1866.71000000,1866.71000000,1866.71000000,0.00000000
1680911390000,1866.71000000,1866.71000000,1866.71000000,1866.71000000,0.00000000
1680911391000,1866.71000000,1866.71000000,1866.71000000,1866.71000000,0.00000000
1680911392000,1866.71000000,1866.71000000,1866.71000000,1866.71000000,0.00000000
1680911393000,1866.71000000,1866.71000000,1866.71000000,1866.71000000,0.00000000
1680911394000,1866.71000000,1866.71000000,1866.71000000,1866.71000000,0.00000000
1680911395000,1866.71000000,1866.71000000,1866.71000000,1866.71000000,0.00000000
1680911396000,1866.71000000,1866.71000000,1866.71000000,1866.71000000,0.00000000
1680911397000,1866.71000000,1866.71000000,1866.71000000,1866.71000000,0.00000000
1680911398000,1866.71000000,1866.71000000,1866.71000000,1866.71000000,0.00000000
1680911399000,1866.71000000,1866.71000000,1866.71000000,1866.71000000,0.00000000
1680911400000,1866.71000000,1866.71000000,1866.71000000,1866.71000000,0.00000000
1680911401000,1866.71000000,1866.71000000,1866.71000000,1866.71000000,0.00000000
1680911402000,1866.71000000,1866.71000000,1866.71000000,1866.71000000,0.00000000
1680911403000,1866.71000000,1866.71000000,1866.71000000,1866.71000000,0.00000000
1680911404000,1866.71000000,1866.71000000,1866.71000000,1866.71000000,0.00000000
1680911405000,1866.71000000,1866.71000000,1866.71000000,1866.71000000,0.00000000
1680911406000,1866.71000000,1866.71000000,1866.71000000,1866.71000000,0.00000000
1680911407000,1866.71000000,1866.71000000,1866.71000000,1866.71000000,0.00000000
1680911408000,1866.71000000,1866.71000000,1866.71000000,1866.71000000,0.00000000
1680911409000,1866.71000000,1866.71000000,1866.71000000,1866.71000000,0.00000000
1680911410000,1866.71000000,1866.71000000,1866.71000000,1866.71000000,0.00000000
1680911411000,1866.71000000,1866.71000000,1866.71000000,1866.71000000,0.00000000
1680911412000,1866.71000000,1866.71000000,1866.71000000,1866.71000000,0.00000000
1680911413000,1866.71000000,1866.71000000,1866.71000000,1866.71000000,0.00000000
1680911414000,1866.71000000,1866.71000000,1866.71000000,1866.71000000,0.00000000
1680911415000,1866.71000000,1866.71000000,1866.71000000,1866.71000000,0.00000000
1680911416000,1866.71000000,1866.71000000,1866.71000000,1866.71000000,0.00000000
1680911417000,1866.71000000,1866.71000000,1866.71000000,1866.71000000,0.00000000
1680911418000,1866.71000000,1866.71000000,1866.71000000,1866.71000000,0.00000000
1680911419000,1866.71000000,1866.71000000,1866.71000000,1866.71000000,0.00000000
1680911420000,1866.71000000,1866.71000000,1866.71000000,1866.71000000,0.00000000
1680911421000,1866.71000000,1866.71000000,1866.71000000,1866.71000000,0.00000000
1680911422000,1866.71000000,1866.71000000,1866.71000000,1866.71000000,0.00000000
1680911423000,1866.71000000,1866.71000000,1866.71000000,1866.71000000,0.00000000
1680911424000,1866.71000000,1866.71000000,1866.71000000,1866.71000000,0.00000000
1680911425000,1866.71000000,1866.71000000,1866.71000000,1866.71000000,0.00000000
1680911426000,1866.71000000,1866.71000000,1866.71000000,1866.71000000,0.00000000
1680911427000,1866.71000000,1866.71000000,1866.71000000,1866.71000000,0.00000000
1680911428000,1866.71000000,1866.71000000,1866.71000000,1866.71000000,0.00000000
1680911429000,1866.71000000,1866.71000000,1866.71000000,1866.71000000,0.00000000
1680911430000,1866.71000000,1866.71000000,1866.71000000,1866.71000000,0.00000000
1680911431000,1866.71000000,1866.71000000,1866.71000000,1866.71000000,0.00000000
1680911432000,1866.71000000,1866.71000000,1866.71000000,1866.71000000,0.00000000
1680911433000,1866.71000000,1866.71000000,1866.71000000,1866.71000000,0.00000000
1680911434000,1866.71000000,1866.71000000,1866.71000000,1866.71000000,0.00000000
1680911435000,1866.71000000,1866.71000000,1866.71000000,1866.71000000,0.00000000
1680911436000,1866.71000000,1866.71000000,1866.71000000,1866.71000000,0.00000000
1680911437000,1866.71000000,1866.71000000,1866.71000000,1866.71000000,0.00000000
1680911438000,1866.71000000,1866.71000000,1866.71000000,1866.71000000,0.00000000
1680911439000,1866.71000000,1866.71000000,1866.71000000,1866.71000000,0.00000000
1680911440000,1866.71000000,1866.71000000,1866.71000000,1866.71000000,0.00000000
1680911441000,1866.71000000,1866.71000000,1866.71000000,1866.71000000,0.00000000
1680911442000,1866.71000000,1866.71000000,1866.71000000,1866.71000000,0.00000000
1680911443000,1866.71000000,1866.71000000,1866.71000000,1866.71000000,0.00000000
1680911444000,1866.71000000,1866.71000000,1866.71000000,1866.71000000,0.00000000
1680911445000,1866.71000000,1866.71000000,1866.71000000,1866.71000000,0.00000000
1680911446000,1866.71000000,1866.71000000,1866.71000000,1866.71000000,0.00000000
1680911447000,1866.71000000,1866.71000000,1866.71000000,1866.71000000,0.00000000
1680911448000,1866.71000000,1866.71000000,1866.71000000,1866.71000000,0.00000000
1680911449000,1866.71000000,1866.71000000,1866.71000000,1866.71000000,0.00000000
1680911450000,1866.71000000,1866.71000000,1866.71000000,1866.71000000,0.00000000
1680911451000,1866.71000000,1866.71000000,1866.71000000,1866.71000000,0.00000000
1680911452000,1866.71000000,1866.71000000,1866.71000000,1866.71000000,0.00000000
1680911453000,1866.71000000,1866.71000000,1866.71000000,1866.71000000,0.00000000
1680911454000,1866.71000000,1866.71000000,1866.71000000,1866.71000000,0.00000000
1680911455000,1866.71000000,1866.71000000,1866.71000000,1866.71000000,0.00000000
1680911456000,1866.71000000,1866.71000000,1866.71000000,1866.71000000,0.00000000
1680911457000,1866.71000000,1866.71000000,1866.71000000,1866.71000000,0.00000000
1680911458000,1866.71000000,1866.71000000,1866.71000000,1866.71000000,0.00000000
1680911459000,1866.71000000,1866.71000000,1866.71000000,1866.71000000,0.00000000
1680911460000,1866.71000000,1866.71000000,1866.71000000,1866.71000000,0.00000000
1680911461000,1866.71000000,1866.71000000,1866.71000000,1866.71000000,0.00000000
1680911462000,1866.71000000,1866.71000000,1866.71000000,1866.71000000,0.00000000
1680911463000,1866.71000000,1866.71000000,1866.71000000,1866.71000000,0.00000000
1680911464000,1866.71000000,1866.71000000,1866.71000000,1866.71000000,0.00000000
1680911465000,1866.71000000,1866.71000000,1866.71000000,1866.71000000,0.00000000
1680911466000,1866.71000000,1866.71000000,1866.71000000,1866.71000000,0.00000000
1680911467000,1866.71000000,1866.71000000,1866.71000000,1866.71000000,0.00000000
1680911468000,1866.71000000,1866.71000000,1866.71000000,1866.71000000,0.00000000
1680911469000,1866.71000000,1866.71000000,1866.71000000,1866.71000000,0.00000000
1680911470000,1866.71000000,1866.71000000,1866.71000000,1866.71000000,0.00000000
1680911471000,1866.71000000,1866.71000000,1866.71000000,1866.71000000,0.00000000
1680911472000,1866.71000000,1866.71000000,1866.71000000,1866.71000000,0.00000000
1680911473000,1866.71000000,1866.71000000,1866.71000000,1866.71000000,0.00000000
1680911474000,1866.71000000,1866.71000000,1866.71000000,1866.71000000,0.00000000
1680911475000,1866.71000000,1866.71000000,1866.71000000,1866.71000000,0.00000000
1680911476000,1866.71000000,1866.71000000,1866.71000000,1866.71000000,0.00000000
1680911477000,1866.71000000,1866.71000000,1866.71000000,1866.71000000,0.00000000
1680911478000,1866.71000000,1866.71000000,1866.71000000,1866.71000000,0.00000000
1680911479000,1866.71000000,1866.71000000,1866.71000000,1866.71000000,0.00000000
1680911480000,1866.71000000,1866.71000000,1866.71000000,1866.71000000,0.00000000
1680911481000,1866.71000000,1866.71000000,1866.71000000,1866.71000000,0.00000000
1680911482000,1866.71000000,1866.71000000,1866.71000000,1866.71000000,0.00000000
1680911483000,1866.71000000,1866.71000000,1866.71000000,1866.71000000,0.00000000
1680911484000,1866.71000000,1866.71000000,1866.71000000,1866.71000000,0.00000000
1680911485000,1866.71000000,1866.71000000,1866.71000000,1866.71000000,0.00000000
1680911486000,1866.71000000,1866.71000000,1866.71000000,1866.71000000,0.00000000
1680911487000,1866.71000000,1866.71000000,1866.71000000,1866.71000000,0.00000000
1680911488000,1866.71000000,1866.71000000,1866.71000000,1866.71000000,0.00000000
1680911489000,1866.71000000,1866.71000000,1866.71000000,1866.71000000,0.00000000
1680911490000,1866.71000000,1866.71000000,1866.71000000,1866.71000000,0.00000000
1680911491000,1866.71000000,1866.71000000,1866.71000000,1866.71000000,0.00000000
1680911492000,1866.71000000,1866.71000000,1866.71000000,1866.71000000,0.00000000
1680911493000,1866.71000000,1866.71000000,1866.71000000,1866.71000000,0.00000000
1680911494000,1866.71000000,1866.71000000,1866.71000000,1866.71000000,0.00000000
1680911495000,1866.71000000,1866.71000000,1866.71000000,1866.71000000,0.00000000
1680911496000,1866.71000000,1866.71000000,1866.71000000,1866.71000000,0.00000000
1680911497000,1866.71000000,1866.71000000,1866.71000000,1866.71000000,0.00000000
1680911498000,1866.71000000,1866.71000000,1866.71000000,1866.71000000,0.00000000
1680911499000,1866.71000000,1866.71000000,1866.71000000,1866.71000000,0.00000000
1680911500000,1866.71000000,1866.71000000,1866.71000000,1866.71000000,0.00000000
1680911501000,1866.71000000,1866.71000000,1866.71000000,1866.71000000,0.00000000
1680911502000,1866.71000000,1866.71000000,1866.71000000,1866.71000000,0.00000000
1680911503000,1866.71000000,1866.71000000,1866.71000000,1866.71000000,0.00000000
1680911504000,1866.71000000,1866.71000000,1866.71000000,1866.71000000,0.00000000
1680911505000,1866.71000000,1866.71000000,1866.71000000,1866.71000000,0.00000000
1680911506000,1866.71000000,1866.71000000,1866.71000000,1866.71000000,0.00000000
1680911507000,1866.71000000,1866.71000000,1866.71000000,1866.71000000,0.00000000
1680911508000,1866.71000000,1866.71000000,1866.71000000,1866.71000000,0.00000000
1680911509000,1866.71000000,1866.71000000,1866.71000000,1866.71000000,0.00000000
1680911510000,1866.71000000,1866.71000000,1866.71000000,1866.71000000,0.00000000
1680911511000,1866.71000000,1866.71000000,1866.71000000,1866.71000000,0.00000000
1680911512000,1866.71000000,1866.71000000,1866.71000000,1866.71000000,0.00000000
1680911513000,1866.71000000,1866.71000000,1866.71000000,1866.71000000,0.00000000
1680911514000,1866.71000000,1866.71000000,1866.71000000,1866.71000000,0.00000000
1680911515000,1866.71000000,1866.71000000,1866.71000000,1866.71000000,0.00000000
1680911516000,1866.71000000,1866.71000000,1866.71000000,1866.71000000,0.00000000
1680911517000,1866.71000000,1866.71000000,1866.71000000,1866.71000000,0.00000000
1680911518000,1866.71000000,1866.71000000,1866.71000000,1866.71000000,0.00000000
1680911519000,1866.71000000,1866.71000000,1866.71000000,1866.71000000,0.00000000
1680911520000,1866.71000000,1866.71000000,1866.71000000,1866.71000000,0.00000000
1680911521000,1866.71000000,1866.71000000,1866.71000000,1866.71000000,0.00000000
1680911522000,1866.71000000,1866.71000000,1866.71000000,1866.71000000,0.00000000
1680911523000,1866.71000000,1866.71000000,1866.71000000,1866.71000000,0.00000000
1680911524000,1866.71000000,1866.71000000,1866.71000000,1866.71000000,0.00000000
1680911525000,1866.71000000,1866.71000000,1866.71000000,1866.71000000,0.00000000
1680911526000,1866.71000000,1866.71000000,1866.71000000,1866.71000000,0.00000000
1680911527000,1866.71000000,1866.71000000,1866.71000000,1866.71000000,0.00000000
1680911528000,1866.71000000,1866.71000000,1866.71000000,1866.71000000,0.00000000
1680911529000,1866.71000000,1866.71000000,1866.71000000,1866.71000000,0.00000000
1680911530000,1866.71000000,1866.71000000,1866.71000000,1866.71000000,0.00000000
1680911531000,1866.71000000,1866.71000000,1866.71000000,1866.71000000,0.00000000
1680911532000,1866.71000000,1866.71000000,1866.71000000,1866.71000000,0.00000000
1680911533000,1866.71000000,1866.71000000,1866.71000000,1866.71000000,0.00000000
1680911534000,1866.71000000,1866.71000000,1866.71000000,1866.71000000,0.00000000
1680911535000,1866.71000000,1866.71000000,1866.71000000,1866.71000000,0.00000000
1680911536000,1866.71000000,1866.71000000,1866.71000000,1866.71000000,0.00000000
1680911537000,1866.71000000,1866.71000000,1866.71000000,1866.71000000,0.00000000
1680911538000,1866.71000000,1866.71000000,1866.71000000,1866.71000000,0.00000000
1680911539000,1866.71000000,1866.71000000,1866.71000000,1866.71000000,0.00000000
1680911540000,1866.71000000,1866.71000000,1866.71000000,1866.71000000,0.00000000
1680911541000,1866.71000000,1866.71000000,1866.71000000,1866.71000000,0.00000000
1680911542000,1866.71000000,1866.71000000,1866.71000000,1866.71000000,0.00000000
1680911543000,1866.71000000,1866.71000000,1866.71000000,1866.71000000,0.00000000
1680911544000,1866.71000000,1866.71000000,1866.71000000,1866.71000000,0.00000000
1680911545000,1866.71000000,1866.71000000,1866.71000000,1866.71000000,0.00000000
1680911546000,1866.71000000,1866.71000000,1866.71000000,1866.71000000,0.00000000
1680911547000,1866.71000000,1866.71000000,1866.71000000,1866.71000000,0.00000000
1680911548000,1866.33000000,1866.33000000,1866.33000000,1866.33000000,0.80370000
1680911549000,1866.33000000,1866.33000000,1866.33000000,1866.33000000,0.00000000
1680911550000,1866.33000000,1866.33000000,1866.33000000,1866.33000000,0.00000000
1680911551000,1866.33000000,1866.33000000,1866.33000000,1866.33000000,0.00000000
1680911552000,1866.33000000,1866.33000000,1866.33000000,1866.33000000,0.00000000
1680911553000,1866.33000000,1866.33000000,1866.33000000,1866.33000000,0.00000000
1680911554000,1866.33000000,1866.33000000,1866.33000000,1866.33000000,0.00000000
1680911555000,1865.93000000,1865.93000000,1865.72000000,1865.72000000,0.02610000
1680911556000,1865.72000000,1865.72000000,1865.72000000,1865.72000000,0.00000000
1680911557000,1865.72000000,1865.72000000,1865.72000000,1865.72000000,0.00000000
1680911558000,1865.72000000,1865.72000000,1865.72000000,1865.72000000,0.00000000
1680911559000,1865.72000000,1865.72000000,1865.72000000,1865.72000000,0.00000000
1680911560000,1865.72000000,1865.72000000,1865.72000000,1865.72000000,0.00000000
1680911561000,1865.72000000,1865.72000000,1865.72000000,1865.72000000,0.00000000
1680911562000,1865.72000000,1865.72000000,1865.72000000,1865.72000000,0.00000000
1680911563000,1865.72000000,1865.72000000,1865.72000000,1865.72000000,0.00000000
1680911564000,1865.72000000,1865.72000000,1865.72000000,1865.72000000,0.00000000
1680911565000,1865.72000000,1865.72000000,1865.72000000,1865.72000000,0.00000000
1680911566000,1865.72000000,1865.72000000,1865.72000000,1865.72000000,0.00000000
1680911567000,1865.72000000,1865.72000000,1865.72000000,1865.72000000,0.00000000
1680911568000,1865.72000000,1865.72000000,1865.72000000,1865.72000000,0.00000000
1680911569000,1865.72000000,1865.72000000,1865.72000000,1865.72000000,0.00000000
1680911570000,1865.72000000,1865.72000000,1865.72000000,1865.72000000,0.00000000
1680911571000,1865.72000000,1865.72000000,1865.72000000,1865.72000000,0.00000000
1680911572000,1865.72000000,1865.72000000,1865.72000000,1865.72000000,0.00000000
1680911573000,1865.72000000,1865.72000000,1865.72000000,1865.72000000,0.00000000
1680911574000,1865.72000000,1865.72000000,1865.72000000,1865.72000000,0.00000000
1680911575000,1865.72000000,1865.72000000,1865.72000000,1865.72000000,0.00000000
1680911576000,1865.72000000,1865.72000000,1865.72000000,1865.72000000,0.00000000
1680911577000,1865.72000000,1865.72000000,1865.72000000,1865.72000000,0.00000000
1680911578000,1865.72000000,1865.72000000,1865.72000000,1865.72000000,0.00000000
1680911579000,1865.72000000,1865.72000000,1865.72000000,1865.72000000,0.00000000
1680911580000,1865.72000000,1865.72000000,1865.72000000,1865.72000000,0.00000000
1680911581000,1865.72000000,1865.72000000,1865.72000000,1865.72000000,0.00000000
1680911582000,1865.72000000,1865.72000000,1865.72000000,1865.72000000,0.00000000
1680911583000,1865.72000000,1865.72000000,1865.72000000,1865.72000000,0.00000000
1680911584000,1865.72000000,1865.72000000,1865.72000000,1865.72000000,0.00000000
1680911585000,1865.72000000,1865.72000000,1865.72000000,1865.72000000,0.00000000
1680911586000,1865.72000000,1865.72000000,1865.72000000,1865.72000000,0.00000000
1680911587000,1865.72000000,1865.72000000,1865.72000000,1865.72000000,0.00000000
1680911588000,1865.72000000,1865.72000000,1865.72000000,1865.72000000,0.00000000
1680911589000,1865.72000000,1865.72000000,1865.72000000,1865.72000000,0.00000000
1680911590000,1865.72000000,1865.72000000,1865.72000000,1865.72000000,0.00000000
1680911591000,1865.72000000,1865.72000000,1865.72000000,1865.72000000,0.00000000
1680911592000,1865.72000000,1865.72000000,1865.72000000,1865.72000000,0.00000000
1680911593000,1865.72000000,1865.72000000,1865.72000000,1865.72000000,0.00000000
1680911594000,1865.72000000,1865.72000000,1865.72000000,1865.72000000,0.00000000
1680911595000,1865.72000000,1865.72000000,1865.72000000,1865.72000000,0.00000000
1680911596000,1865.72000000,1865.72000000,1865.72000000,1865.72000000,0.00000000
1680911597000,1865.72000000,1865.72000000,1865.72000000,1865.72000000,0.00000000
1680911598000,1865.48000000,1865.48000000,1865.48000000,1865.48000000,0.00910000
1680911599000,1865.48000000,1865.48000000,1865.48000000,1865.48000000,0.00000000
1680911600000,1865.48000000,1865.48000000,1865.48000000,1865.48000000,0.00000000
1680911601000,1865.48000000,1865.48000000,1865.48000000,1865.48000000,0.00000000
1680911602000,1865.48000000,1865.48000000,1865.48000000,1865.48000000,0.00000000
1680911603000,1865.48000000,1865.48000000,1865.48000000,1865.48000000,0.00000000
1680911604000,1865.48000000,1865.48000000,1865.48000000,1865.48000000,0.00000000
1680911605000,1865.48000000,1865.48000000,1865.48000000,1865.48000000,0.00000000
1680911606000,1865.48000000,1865.48000000,1865.48000000,1865.48000000,0.00000000
1680911607000,1865.48000000,1865.48000000,1865.48000000,1865.48000000,0.00000000
1680911608000,1865.48000000,1865.48000000,1865.48000000,1865.48000000,0.00000000
1680911609000,1865.48000000,1865.48000000,1865.48000000,1865.48000000,0.00000000
1680911610000,1865.48000000,1865.48000000,1865.48000000,1865.48000000,0.00000000
1680911611000,1865.48000000,1865.48000000,1865.48000000,1865.48000000,0.00000000
1680911612000,1865.48000000,1865.48000000,1865.48000000,1865.48000000,0.00000000
1680911613000,1865.48000000,1865.48000000,1865.48000000,1865.48000000,0.00000000
1680911614000,1865.48000000,1865.48000000,1865.48000000,1865.48000000,0.00000000
1680911615000,1865.48000000,1865.48000000,1865.48000000,1865.48000000,0.00000000
1680911616000,1865.48000000,1865.48000000,1865.48000000,1865.48000000,0.00000000
1680911617000,1865.48000000,1865.48000000,1865.48000000,1865.48000000,0.00000000
1680911618000,1865.48000000,1865.48000000,1865.48000000,1865.48000000,0.00000000
1680911619000,1865.48000000,1865.48000000,1865.48000000,1865.48000000,0.00000000
1680911620000,1865.48000000,1865.48000000,1865.48000000,1865.48000000,0.00000000
1680911621000,1865.48000000,1865.48000000,1865.48000000,1865.48000000,0.00000000
1680911622000,1865.48000000,1865.48000000,1865.48000000,1865.48000000,0.00000000
1680911623000,1865.48000000,1865.48000000,1865.48000000,1865.48000000,0.00000000
1680911624000,1865.48000000,1865.48000000,1865.48000000,1865.48000000,0.00000000
1680911625000,1865.48000000,1865.48000000,1865.48000000,1865.48000000,0.00000000
1680911626000,1865.48000000,1865.48000000,1865.48000000,1865.48000000,0.00000000
1680911627000,1865.48000000,1865.48000000,1865.48000000,1865.48000000,0.00000000
1680911628000,1865.48000000,1865.48000000,1865.48000000,1865.48000000,0.00000000
1680911629000,1865.48000000,1865.48000000,1865.48000000,1865.48000000,0.00000000
1680911630000,1865.48000000,1865.48000000,1865.48000000,1865.48000000,0.00000000
1680911631000,1865.48000000,1865.48000000,1865.48000000,1865.48000000,0.00000000
1680911632000,1865.48000000,1865.48000000,1865.48000000,1865.48000000,0.00000000
1680911633000,1865.48000000,1865.48000000,1865.48000000,1865.48000000,0.00000000
1680911634000,1865.48000000,1865.48000000,1865.48000000,1865.48000000,0.00000000
1680911635000,1865.48000000,1865.48000000,1865.48000000,1865.48000000,0.00000000
1680911636000,1865.48000000,1865.48000000,1865.48000000,1865.48000000,0.00000000
1680911637000,1865.48000000,1865.48000000,1865.48000000,1865.48000000,0.00000000
1680911638000,1865.48000000,1865.48000000,1865.48000000,1865.48000000,0.00000000
1680911639000,1865.48000000,1865.48000000,1865.48000000,1865.48000000,0.00000000
1680911640000,1865.48000000,1865.48000000,1865.48000000,1865.48000000,0.00000000
1680911641000,1865.48000000,1865.48000000,1865.48000000,1865.48000000,0.00000000
1680911642000,1865.48000000,1865.48000000,1865.48000000,1865.48000000,0.00000000
1680911643000,1865.48000000,1865.48000000,1865.48000000,1865.48000000,0.00000000
1680911644000,1865.48000000,1865.48000000,1865.48000000,1865.48000000,0.00000000
1680911645000,1865.48000000,1865.48000000,1865.48000000,1865.48000000,0.00000000
1680911646000,1865.48000000,1865.48000000,1865.48000000,1865.48000000,0.00000000
1680911647000,1865.48000000,1865.48000000,1865.48000000,1865.48000000,0.00000000
1680911648000,1865.48000000,1865.48000000,1865.48000000,1865.48000000,0.00000000
1680911649000,1865.48000000,1865.48000000,1865.48000000,1865.48000000,0.00000000
1680911650000,1865.48000000,1865.48000000,1865.48000000,1865.48000000,0.00000000
1680911651000,1865.48000000,1865.48000000,1865.48000000,1865.48000000,0.00000000
1680911652000,1865.48000000,1865.48000000,1865.48000000,1865.48000000,0.00000000
1680911653000,1865.48000000,1865.48000000,1865.48000000,1865.48000000,0.00000000
1680911654000,1865.48000000,1865.48000000,1865.48000000,1865.48000000,0.00000000
1680911655000,1865.48000000,1865.48000000,1865.48000000,1865.48000000,0.00000000
1680911656000,1865.48000000,1865.48000000,1865.48000000,1865.48000000,0.00000000
1680911657000,1865.48000000,1865.48000000,1865.48000000,1865.48000000,0.00000000
1680911658000,1865.48000000,1865.48000000,1865.48000000,1865.48000000,0.00000000
1680911659000,1865.48000000,1865.48000000,1865.48000000,1865.48000000,0.00000000
1680911660000,1865.48000000,1865.48000000,1865.48000000,1865.48000000,0.00000000
1680911661000,1865.48000000,1865.48000000,1865.48000000,1865.48000000,0.00000000
1680911662000,1865.48000000,1865.48000000,1865.48000000,1865.48000000,0.00000000
1680911663000,1865.48000000,1865.48000000,1865.48000000,1865.48000000,0.00000000
1680911664000,1865.48000000,1865.48000000,1865.48000000,1865.48000000,0.00000000
1680911665000,1865.48000000,1865.48000000,1865.48000000,1865.48000000,0.00000000
1680911666000,1865.48000000,1865.48000000,1865.48000000,1865.48000000,0.00000000
1680911667000,1865.48000000,1865.48000000,1865.48000000,1865.48000000,0.00000000
1680911668000,1865.48000000,1865.48000000,1865.48000000,1865.48000000,0.00000000
1680911669000,1865.48000000,1865.48000000,1865.48000000,1865.48000000,0.00000000
1680911670000,1865.48000000,1865.48000000,1865.48000000,1865.48000000,0.00000000
1680911671000,1865.48000000,1865.48000000,1865.48000000,1865.48000000,0.00000000
1680911672000,1865.48000000,1865.48000000,1865.48000000,1865.48000000,0.00000000
1680911673000,1865.48000000,1865.48000000,1865.48000000,1865.48000000,0.00000000
1680911674000,1865.48000000,1865.48000000,1865.48000000,1865.48000000,0.00000000
1680911675000,1865.48000000,1865.48000000,1865.48000000,1865.48000000,0.00000000
1680911676000,1865.48000000,1865.48000000,1865.48000000,1865.48000000,0.00000000
1680911677000,1865.48000000,1865.48000000,1865.48000000,1865.48000000,0.00000000
1680911678000,1865.48000000,1865.48000000,1865.48000000,1865.48000000,0.00000000
1680911679000,1865.48000000,1865.48000000,1865.48000000,1865.48000000,0.00000000
1680911680000,1865.48000000,1865.48000000,1865.48000000,1865.48000000,0.00000000
1680911681000,1865.48000000,1865.48000000,1865.48000000,1865.48000000,0.00000000
1680911682000,1865.48000000,1865.48000000,1865.48000000,1865.48000000,0.00000000
1680911683000,1865.48000000,1865.48000000,1865.48000000,1865.48000000,0.00000000
1680911684000,1865.48000000,1865.48000000,1865.48000000,1865.48000000,0.00000000
1680911685000,1865.48000000,1865.48000000,1865.48000000,1865.48000000,0.00000000
1680911686000,1865.48000000,1865.48000000,1865.48000000,1865.48000000,0.00000000
1680911687000,1865.48000000,1865.48000000,1865.48000000,1865.48000000,0.00000000
1680911688000,1865.48000000,1865.48000000,1865.48000000,1865.48000000,0.00000000
1680911689000,1865.48000000,1865.48000000,1865.48000000,1865.48000000,0.00000000
1680911690000,1865.48000000,1865.48000000,1865.48000000,1865.48000000,0.00000000
1680911691000,1865.48000000,1865.48000000,1865.48000000,1865.48000000,0.00000000
1680911692000,1865.48000000,1865.48000000,1865.48000000,1865.48000000,0.00000000
1680911693000,1865.48000000,1865.48000000,1865.48000000,1865.48000000,0.00000000
1680911694000,1865.48000000,1865.48000000,1865.48000000,1865.48000000,0.00000000
1680911695000,1865.48000000,1865.48000000,1865.48000000,1865.48000000,0.00000000
1680911696000,1865.48000000,1865.48000000,1865.48000000,1865.48000000,0.00000000
1680911697000,1865.48000000,1865.48000000,1865.48000000,1865.48000000,0.00000000
1680911698000,1865.48000000,1865.48000000,1865.48000000,1865.48000000,0.00000000
1680911699000,1865.48000000,1865.48000000,1865.48000000,1865.48000000,0.00000000
1680911700000,1865.48000000,1865.48000000,1865.48000000,1865.48000000,0.00000000
1680911701000,1865.48000000,1865.48000000,1865.48000000,1865.48000000,0.00000000
1680911702000,1866.09000000,1866.09000000,1866.09000000,1866.09000000,0.01420000
1680911703000,1866.09000000,1866.09000000,1866.09000000,1866.09000000,0.00000000
1680911704000,1866.09000000,1866.09000000,1866.09000000,1866.09000000,0.00000000
1680911705000,1866.09000000,1866.09000000,1866.09000000,1866.09000000,0.00000000
1680911706000,1866.09000000,1866.09000000,1866.09000000,1866.09000000,0.00000000
1680911707000,1866.09000000,1866.09000000,1866.09000000,1866.09000000,0.00000000
1680911708000,1866.09000000,1866.09000000,1866.09000000,1866.09000000,0.00000000
1680911709000,1866.09000000,1866.09000000,1866.09000000,1866.09000000,0.00000000
1680911710000,1866.09000000,1866.09000000,1866.09000000,1866.09000000,0.00000000
1680911711000,1866.09000000,1866.09000000,1866.09000000,1866.09000000,0.00000000
1680911712000,1866.09000000,1866.09000000,1866.09000000,1866.09000000,0.00000000
1680911713000,1866.09000000,1866.09000000,1866.09000000,1866.09000000,0.00000000
1680911714000,1866.09000000,1866.09000000,1866.09000000,1866.09000000,0.00000000
1680911715000,1866.09000000,1866.09000000,1866.09000000,1866.09000000,0.00000000
1680911716000,1866.09000000,1866.09000000,1866.09000000,1866.09000000,0.00000000
1680911717000,1866.09000000,1866.09000000,1866.09000000,1866.09000000,0.00000000
1680911718000,1866.09000000,1866.09000000,1866.09000000,1866.09000000,0.00000000
1680911719000,1866.09000000,1866.09000000,1866.09000000,1866.09000000,0.00000000
1680911720000,1866.09000000,1866.09000000,1866.09000000,1866.09000000,0.00000000
1680911721000,1866.09000000,1866.09000000,1866.09000000,1866.09000000,0.00000000
1680911722000,1866.09000000,1866.09000000,1866.09000000,1866.09000000,0.00000000
1680911723000,1866.09000000,1866.09000000,1866.09000000,1866.09000000,0.00000000
1680911724000,1866.09000000,1866.09000000,1866.09000000,1866.09000000,0.00000000
1680911725000,1866.09000000,1866.09000000,1866.09000000,1866.09000000,0.00000000
1680911726000,1866.09000000,1866.09000000,1866.09000000,1866.09000000,0.00000000
1680911727000,1866.09000000,1866.09000000,1866.09000000,1866.09000000,0.00000000
1680911728000,1866.09000000,1866.09000000,1866.09000000,1866.09000000,0.00000000
1680911729000,1866.09000000,1866.09000000,1866.09000000,1866.09000000,0.00000000
1680911730000,1866.09000000,1866.09000000,1866.09000000,1866.09000000,0.00000000
1680911731000,1866.09000000,1866.09000000,1866.09000000,1866.09000000,0.00000000
1680911732000,1866.09000000,1866.09000000,1866.09000000,1866.09000000,0.00000000
1680911733000,1866.09000000,1866.09000000,1866.09000000,1866.09000000,0.00000000
1680911734000,1866.09000000,1866.09000000,1866.09000000,1866.09000000,0.00000000
1680911735000,1866.09000000,1866.09000000,1866.09000000,1866.09000000,0.00000000
1680911736000,1866.09000000,1866.09000000,1866.09000000,1866.09000000,0.00000000
1680911737000,1866.09000000,1866.09000000,1866.09000000,1866.09000000,0.00000000
1680911738000,1866.09000000,1866.09000000,1866.09000000,1866.09000000,0.00000000
1680911739000,1866.09000000,1866.09000000,1866.09000000,1866.09000000,0.00000000
1680911740000,1866.09000000,1866.09000000,1866.09000000,1866.09000000,0.00000000
1680911741000,1866.09000000,1866.09000000,1866.09000000,1866.09000000,0.00000000
1680911742000,1866.09000000,1866.09000000,1866.09000000,1866.09000000,0.00000000
1680911743000,1866.09000000,1866.09000000,1866.09000000,1866.09000000,0.00000000
1680911744000,1866.09000000,1866.09000000,1866.09000000,1866.09000000,0.00000000
1680911745000,1866.09000000,1866.09000000,1866.09000000,1866.09000000,0.00000000
1680911746000,1866.09000000,1866.09000000,1866.09000000,1866.09000000,0.00000000
1680911747000,1865.44000000,1865.44000000,1865.44000000,1865.44000000,0.07000000
1680911748000,1865.44000000,1865.44000000,1865.44000000,1865.44000000,0.00000000
1680911749000,1865.44000000,1865.44000000,1865.44000000,1865.44000000,0.00000000
1680911750000,1865.44000000,1865.44000000,1865.44000000,1865.44000000,0.00000000
1680911751000,1865.44000000,1865.44000000,1865.44000000,1865.44000000,0.00000000
1680911752000,1865.44000000,1865.44000000,1865.44000000,1865.44000000,0.00000000
1680911753000,1865.44000000,1865.44000000,1865.44000000,1865.44000000,0.00000000
1680911754000,1865.44000000,1865.44000000,1865.44000000,1865.44000000,0.00000000
1680911755000,1865.44000000,1865.44000000,1865.44000000,1865.44000000,0.00000000
1680911756000,1865.44000000,1865.44000000,1865.44000000,1865.44000000,0.00000000
1680911757000,1865.44000000,1865.44000000,1865.44000000,1865.44000000,0.00000000
1680911758000,1865.44000000,1865.44000000,1865.44000000,1865.44000000,0.00000000
1680911759000,1865.44000000,1865.44000000,1865.44000000,1865.44000000,0.00000000
1680911760000,1865.44000000,1865.44000000,1865.44000000,1865.44000000,0.00000000
1680911761000,1865.44000000,1865.44000000,1865.44000000,1865.44000000,0.00000000
1680911762000,1865.44000000,1865.44000000,1865.44000000,1865.44000000,0.00000000
1680911763000,1865.44000000,1865.44000000,1865.44000000,1865.44000000,0.00000000
1680911764000,1865.44000000,1865.44000000,1865.44000000,1865.44000000,0.00000000
1680911765000,1865.44000000,1865.44000000,1865.44000000,1865.44000000,0.00000000
1680911766000,1865.44000000,1865.44000000,1865.44000000,1865.44000000,0.00000000
1680911767000,1865.44000000,1865.44000000,1865.44000000,1865.44000000,0.00000000
1680911768000,1865.44000000,1865.44000000,1865.44000000,1865.44000000,0.00000000
1680911769000,1865.44000000,1865.44000000,1865.44000000,1865.44000000,0.00000000
1680911770000,1865.44000000,1865.44000000,1865.44000000,1865.44000000,0.00000000
1680911771000,1865.44000000,1865.44000000,1865.44000000,1865.44000000,0.00000000
1680911772000,1865.44000000,1865.44000000,1865.44000000,1865.44000000,0.00000000
1680911773000,1865.44000000,1865.44000000,1865.44000000,1865.44000000,0.00000000
1680911774000,1865.44000000,1865.44000000,1865.44000000,1865.44000000,0.00000000
1680911775000,1865.44000000,1865.44000000,1865.44000000,1865.44000000,0.00000000
1680911776000,1865.44000000,1865.44000000,1865.44000000,1865.44000000,0.00000000
1680911777000,1865.44000000,1865.44000000,1865.44000000,1865.44000000,0.00000000
1680911778000,1865.44000000,1865.44000000,1865.44000000,1865.44000000,0.00000000
1680911779000,1865.44000000,1865.44000000,1865.44000000,1865.44000000,0.00000000
1680911780000,1865.44000000,1865.44000000,1865.44000000,1865.44000000,0.00000000
1680911781000,1865.44000000,1865.44000000,1865.44000000,1865.44000000,0.00000000
1680911782000,1865.44000000,1865.44000000,1865.44000000,1865.44000000,0.00000000
1680911783000,1865.44000000,1865.44000000,1865.44000000,1865.44000000,0.00000000
1680911784000,1865.44000000,1865.44000000,1865.44000000,1865.44000000,0.00000000
1680911785000,1865.44000000,1865.44000000,1865.44000000,1865.44000000,0.00000000
1680911786000,1865.44000000,1865.44000000,1865.44000000,1865.44000000,0.00000000
1680911787000,1865.54000000,1865.55000000,1865.54000000,1865.55000000,1.05230000
1680911788000,1865.55000000,1865.55000000,1865.55000000,1865.55000000,0.00000000
1680911789000,1865.55000000,1865.55000000,1865.55000000,1865.55000000,0.00000000
1680911790000,1865.55000000,1865.55000000,1865.55000000,1865.55000000,0.00000000
1680911791000,1865.55000000,1865.55000000,1865.55000000,1865.55000000,0.00000000
1680911792000,1865.55000000,1865.55000000,1865.55000000,1865.55000000,0.00000000
1680911793000,1865.55000000,1865.55000000,1865.55000000,1865.55000000,0.00000000
1680911794000,1865.55000000,1865.55000000,1865.55000000,1865.55000000,0.00000000
1680911795000,1865.55000000,1865.55000000,1865.55000000,1865.55000000,0.00000000
1680911796000,1865.55000000,1865.55000000,1865.55000000,1865.55000000,0.00000000
1680911797000,1865.55000000,1865.55000000,1865.55000000,1865.55000000,0.00000000
1680911798000,1865.55000000,1865.55000000,1865.55000000,1865.55000000,0.00000000
1680911799000,1865.55000000,1865.55000000,1865.55000000,1865.55000000,0.00000000
1680911800000,1865.55000000,1865.55000000,1865.55000000,1865.55000000,0.00000000
1680911801000,1865.55000000,1865.55000000,1865.55000000,1865.55000000,0.00000000
1680911802000,1865.55000000,1865.55000000,1865.55000000,1865.55000000,0.00000000
1680911803000,1865.55000000,1865.55000000,1865.55000000,1865.55000000,0.00000000
1680911804000,1865.55000000,1865.55000000,1865.55000000,1865.55000000,0.00000000
1680911805000,1865.55000000,1865.55000000,1865.55000000,1865.55000000,0.00000000
1680911806000,1865.55000000,1865.55000000,1865.55000000,1865.55000000,0.00000000
1680911807000,1865.55000000,1865.55000000,1865.55000000,1865.55000000,0.00000000
1680911808000,1865.55000000,1865.55000000,1865.55000000,1865.55000000,0.00000000
1680911809000,1865.55000000,1865.55000000,1865.55000000,1865.55000000,0.00000000
1680911810000,1865.55000000,1865.55000000,1865.55000000,1865.55000000,0.00000000
1680911811000,1865.55000000,1865.55000000,1865.55000000,1865.55000000,0.00000000
1680911812000,1865.55000000,1865.55000000,1865.55000000,1865.55000000,0.00000000
1680911813000,1865.55000000,1865.55000000,1865.55000000,1865.55000000,0.00000000
1680911814000,1865.55000000,1865.55000000,1865.55000000,1865.55000000,0.00000000
1680911815000,1865.55000000,1865.55000000,1865.55000000,1865.55000000,0.00000000
1680911816000,1865.55000000,1865.55000000,1865.55000000,1865.55000000,0.00000000
1680911817000,1865.55000000,1865.55000000,1865.55000000,1865.55000000,0.00000000
1680911818000,1865.55000000,1865.55000000,1865.55000000,1865.55000000,0.00000000
1680911819000,1865.55000000,1865.55000000,1865.55000000,1865.55000000,0.00000000
1680911820000,1865.55000000,1865.55000000,1865.55000000,1865.55000000,0.00000000
1680911821000,1865.55000000,1865.55000000,1865.55000000,1865.55000000,0.00000000
1680911822000,1865.55000000,1865.55000000,1865.55000000,1865.55000000,0.00000000
1680911823000,1865.55000000,1865.55000000,1865.55000000,1865.55000000,0.00000000
1680911824000,1865.55000000,1865.55000000,1865.55000000,1865.55000000,0.00000000
1680911825000,1865.55000000,1865.55000000,1865.55000000,1865.55000000,0.00000000
1680911826000,1865.55000000,1865.55000000,1865.55000000,1865.55000000,0.00000000
1680911827000,1865.55000000,1865.55000000,1865.55000000,1865.55000000,0.00000000
1680911828000,1865.55000000,1865.55000000,1865.55000000,1865.55000000,0.00000000
1680911829000,1865.55000000,1865.55000000,1865.55000000,1865.55000000,0.00000000
1680911830000,1865.55000000,1865.55000000,1865.55000000,1865.55000000,0.00000000
1680911831000,1865.55000000,1865.55000000,1865.55000000,1865.55000000,0.00000000
1680911832000,1865.55000000,1865.55000000,1865.55000000,1865.55000000,0.00000000
1680911833000,1865.55000000,1865.55000000,1865.55000000,1865.55000000,0.00000000
1680911834000,1865.55000000,1865.55000000,1865.55000000,1865.55000000,0.00000000
1680911835000,1865.55000000,1865.55000000,1865.55000000,1865.55000000,0.00000000
1680911836000,1865.55000000,1865.55000000,1865.55000000,1865.55000000,0.00000000
1680911837000,1865.55000000,1865.55000000,1865.55000000,1865.55000000,0.00000000
1680911838000,1865.55000000,1865.55000000,1865.55000000,1865.55000000,0.00000000
1680911839000,1865.55000000,1865.55000000,1865.55000000,1865.55000000,0.00000000
1680911840000,1865.55000000,1865.55000000,1865.55000000,1865.55000000,0.00000000
1680911841000,1865.55000000,1865.55000000,1865.55000000,1865.55000000,0.00000000
1680911842000,1865.55000000,1865.55000000,1865.55000000,1865.55000000,0.00000000
1680911843000,1865.55000000,1865.55000000,1865.55000000,1865.55000000,0.00000000
1680911844000,1865.55000000,1865.55000000,1865.55000000,1865.55000000,0.00000000
1680911845000,1865.55000000,1865.55000000,1865.55000000,1865.55000000,0.00000000
1680911846000,1865.55000000,1865.55000000,1865.55000000,1865.55000000,0.00000000
1680911847000,1865.55000000,1865.55000000,1865.55000000,1865.55000000,0.00000000
1680911848000,1865.55000000,1865.55000000,1865.55000000,1865.55000000,0.00000000
1680911849000,1865.55000000,1865.55000000,1865.55000000,1865.55000000,0.00000000
1680911850000,1865.55000000,1865.55000000,1865.55000000,1865.55000000,0.00000000
1680911851000,1865.55000000,1865.55000000,1865.55000000,1865.55000000,0.00000000
1680911852000,1865.55000000,1865.55000000,1865.55000000,1865.55000000,0.00000000
1680911853000,1865.55000000,1865.55000000,1865.55000000,1865.55000000,0.00000000
1680911854000,1865.55000000,1865.55000000,1865.55000000,1865.55000000,0.00000000
1680911855000,1865.55000000,1865.55000000,1865.55000000,1865.55000000,0.00000000
1680911856000,1865.55000000,1865.55000000,1865.55000000,1865.55000000,0.00000000
1680911857000,1865.55000000,1865.55000000,1865.55000000,1865.55000000,0.00000000
1680911858000,1865.55000000,1865.55000000,1865.55000000,1865.55000000,0.00000000
1680911859000,1865.55000000,1865.55000000,1865.55000000,1865.55000000,0.00000000
1680911860000,1865.55000000,1865.55000000,1865.55000000,1865.55000000,0.00000000
1680911861000,1865.55000000,1865.55000000,1865.55000000,1865.55000000,0.00000000
1680911862000,1865.55000000,1865.55000000,1865.55000000,1865.55000000,0.00000000
1680911863000,1865.55000000,1865.55000000,1865.55000000,1865.55000000,0.00000000
1680911864000,1865.55000000,1865.55000000,1865.55000000,1865.55000000,0.00000000
1680911865000,1865.55000000,1865.55000000,1865.55000000,1865.55000000,0.00000000
1680911866000,1865.55000000,1865.55000000,1865.55000000,1865.55000000,0.00000000
1680911867000,1865.55000000,1865.55000000,1865.55000000,1865.55000000,0.00000000
1680911868000,1865.55000000,1865.55000000,1865.55000000,1865.55000000,0.00000000
1680911869000,1865.55000000,1865.55000000,1865.55000000,1865.55000000,0.00000000
1680911870000,1865.55000000,1865.55000000,1865.55000000,1865.55000000,0.00000000
1680911871000,1865.55000000,1865.55000000,1865.55000000,1865.55000000,0.00000000
1680911872000,1865.55000000,1865.55000000,1865.55000000,1865.55000000,0.00000000
1680911873000,1865.55000000,1865.55000000,1865.55000000,1865.55000000,0.00000000
1680911874000,1865.55000000,1865.55000000,1865.55000000,1865.55000000,0.00000000
1680911875000,1865.55000000,1865.55000000,1865.55000000,1865.55000000,0.00000000
1680911876000,1865.55000000,1865.55000000,1865.55000000,1865.55000000,0.00000000
1680911877000,1865.55000000,1865.55000000,1865.55000000,1865.55000000,0.00000000
1680911878000,1865.55000000,1865.55000000,1865.55000000,1865.55000000,0.00000000
1680911879000,1865.55000000,1865.55000000,1865.55000000,1865.55000000,0.00000000
1680911880000,1865.55000000,1865.55000000,1865.55000000,1865.55000000,0.00000000
1680911881000,1865.55000000,1865.55000000,1865.55000000,1865.55000000,0.00000000
1680911882000,1865.55000000,1865.55000000,1865.55000000,1865.55000000,0.00000000
1680911883000,1865.55000000,1865.55000000,1865.55000000,1865.55000000,0.00000000
1680911884000,1865.55000000,1865.55000000,1865.55000000,1865.55000000,0.00000000
1680911885000,1865.55000000,1865.55000000,1865.55000000,1865.55000000,0.00000000
1680911886000,1865.55000000,1865.55000000,1865.55000000,1865.55000000,0.00000000
1680911887000,1865.55000000,1865.55000000,1865.55000000,1865.55000000,0.00000000
1680911888000,1865.55000000,1865.55000000,1865.55000000,1865.55000000,0.00000000
1680911889000,1865.55000000,1865.55000000,1865.55000000,1865.55000000,0.00000000
1680911890000,1865.55000000,1865.55000000,1865.55000000,1865.55000000,0.00000000
1680911891000,1865.55000000,1865.55000000,1865.55000000,1865.55000000,0.00000000
1680911892000,1865.55000000,1865.55000000,1865.55000000,1865.55000000,0.00000000
1680911893000,1865.55000000,1865.55000000,1865.55000000,1865.55000000,0.00000000
1680911894000,1865.55000000,1865.55000000,1865.55000000,1865.55000000,0.00000000
1680911895000,1865.55000000,1865.55000000,1865.55000000,1865.55000000,0.00000000
1680911896000,1865.55000000,1865.55000000,1865.55000000,1865.55000000,0.00000000
1680911897000,1865.55000000,1865.55000000,1865.55000000,1865.55000000,0.00000000
1680911898000,1865.55000000,1865.55000000,1865.55000000,1865.55000000,0.00000000
1680911899000,1865.55000000,1865.55000000,1865.55000000,1865.55000000,0.00000000
1680911900000,1865.55000000,1865.55000000,1865.55000000,1865.55000000,0.00000000
1680911901000,1865.55000000,1865.55000000,1865.55000000,1865.55000000,0.00000000
1680911902000,1865.55000000,1865.55000000,1865.55000000,1865.55000000,0.00000000
1680911903000,1865.55000000,1865.55000000,1865.55000000,1865.55000000,0.00000000
1680911904000,1865.55000000,1865.55000000,1865.55000000,1865.55000000,0.00000000
1680911905000,1865.55000000,1865.55000000,1865.55000000,1865.55000000,0.00000000
1680911906000,1865.55000000,1865.55000000,1865.55000000,1865.55000000,0.00000000
1680911907000,1865.55000000,1865.55000000,1865.55000000,1865.55000000,0.00000000
1680911908000,1865.55000000,1865.55000000,1865.55000000,1865.55000000,0.00000000
1680911909000,1865.55000000,1865.55000000,1865.55000000,1865.55000000,0.00000000
1680911910000,1865.55000000,1865.55000000,1865.55000000,1865.55000000,0.00000000
1680911911000,1865.55000000,1865.55000000,1865.55000000,1865.55000000,0.00000000
1680911912000,1865.55000000,1865.55000000,1865.55000000,1865.55000000,0.00000000
1680911913000,1865.55000000,1865.55000000,1865.55000000,1865.55000000,0.00000000
1680911914000,1865.55000000,1865.55000000,1865.55000000,1865.55000000,0.00000000
1680911915000,1865.55000000,1865.55000000,1865.55000000,1865.55000000,0.00000000
1680911916000,1865.55000000,1865.55000000,1865.55000000,1865.55000000,0.00000000
1680911917000,1865.55000000,1865.55000000,1865.55000000,1865.55000000,0.00000000
1680911918000,1865.55000000,1865.55000000,1865.55000000,1865.55000000,0.00000000
1680911919000,1865.55000000,1865.55000000,1865.55000000,1865.55000000,0.00000000
1680911920000,1865.55000000,1865.55000000,1865.55000000,1865.55000000,0.00000000
1680911921000,1865.55000000,1865.55000000,1865.55000000,1865.55000000,0.00000000
1680911922000,1865.55000000,1865.55000000,1865.55000000,1865.55000000,0.00000000
1680911923000,1865.55000000,1865.55000000,1865.55000000,1865.55000000,0.00000000
1680911924000,1865.55000000,1865.55000000,1865.55000000,1865.55000000,0.00000000
1680911925000,1865.55000000,1865.55000000,1865.55000000,1865.55000000,0.00000000
1680911926000,1865.55000000,1865.55000000,1865.55000000,1865.55000000,0.00000000
1680911927000,1865.55000000,1865.55000000,1865.55000000,1865.55000000,0.00000000
1680911928000,1865.55000000,1865.55000000,1865.55000000,1865.55000000,0.00000000
1680911929000,1865.55000000,1865.55000000,1865.55000000,1865.55000000,0.00000000
1680911930000,1865.55000000,1865.55000000,1865.55000000,1865.55000000,0.00000000
1680911931000,1865.55000000,1865.55000000,1865.55000000,1865.55000000,0.00000000
1680911932000,1865.55000000,1865.55000000,1865.55000000,1865.55000000,0.00000000
1680911933000,1865.55000000,1865.55000000,1865.55000000,1865.55000000,0.00000000
1680911934000,1865.55000000,1865.55000000,1865.55000000,1865.55000000,0.00000000
1680911935000,1865.55000000,1865.55000000,1865.55000000,1865.55000000,0.00000000
1680911936000,1865.41000000,1865.41000000,1865.40000000,1865.40000000,0.04470000
1680911937000,1865.40000000,1865.40000000,1865.40000000,1865.40000000,0.00000000
1680911938000,1865.40000000,1865.40000000,1865.40000000,1865.40000000,0.00000000
1680911939000,1865.40000000,1865.40000000,1865.40000000,1865.40000000,0.00000000
1680911940000,1865.40000000,1865.40000000,1865.40000000,1865.40000000,0.00000000
1680911941000,1865.40000000,1865.40000000,1865.40000000,1865.40000000,0.00000000
1680911942000,1864.89000000,1864.89000000,1864.89000000,1864.89000000,0.64340000
1680911943000,1864.89000000,1864.89000000,1864.89000000,1864.89000000,0.00000000
1680911944000,1864.89000000,1864.89000000,1864.89000000,1864.89000000,0.00000000
1680911945000,1864.89000000,1864.89000000,1864.89000000,1864.89000000,0.00000000
1680911946000,1864.89000000,1864.89000000,1864.89000000,1864.89000000,0.00000000
1680911947000,1864.89000000,1864.89000000,1864.89000000,1864.89000000,0.00000000
1680911948000,1864.89000000,1864.89000000,1864.89000000,1864.89000000,0.00000000
1680911949000,1864.89000000,1864.89000000,1864.89000000,1864.89000000,0.00000000
1680911950000,1864.89000000,1864.89000000,1864.89000000,1864.89000000,0.00000000
1680911951000,1864.89000000,1864.89000000,1864.89000000,1864.89000000,0.00000000
1680911952000,1864.89000000,1864.89000000,1864.89000000,1864.89000000,0.00000000
1680911953000,1864.89000000,1864.89000000,1864.89000000,1864.89000000,0.00000000
1680911954000,1864.89000000,1864.89000000,1864.89000000,1864.89000000,0.00000000
1680911955000,1864.89000000,1864.89000000,1864.89000000,1864.89000000,0.00000000
1680911956000,1864.89000000,1864.89000000,1864.89000000,1864.89000000,0.00000000
1680911957000,1864.89000000,1864.89000000,1864.89000000,1864.89000000,0.00000000
1680911958000,1864.89000000,1864.89000000,1864.89000000,1864.89000000,0.00000000
1680911959000,1864.89000000,1864.89000000,1864.89000000,1864.89000000,0.00000000
1680911960000,1864.89000000,1864.89000000,1864.89000000,1864.89000000,0.00000000
1680911961000,1864.89000000,1864.89000000,1864.89000000,1864.89000000,0.00000000
1680911962000,1864.89000000,1864.89000000,1864.89000000,1864.89000000,0.00000000
1680911963000,1864.89000000,1864.89000000,1864.89000000,1864.89000000,0.00000000
1680911964000,1864.89000000,1864.89000000,1864.89000000,1864.89000000,0.00000000
1680911965000,1864.89000000,1864.89000000,1864.89000000,1864.89000000,0.00000000
1680911966000,1864.89000000,1864.89000000,1864.89000000,1864.89000000,0.00000000
1680911967000,1864.89000000,1864.89000000,1864.89000000,1864.89000000,0.00000000
1680911968000,1864.89000000,1864.89000000,1864.89000000,1864.89000000,0.00000000
1680911969000,1864.89000000,1864.89000000,1864.89000000,1864.89000000,0.00000000
1680911970000,1864.89000000,1864.89000000,1864.89000000,1864.89000000,0.00000000
1680911971000,1864.89000000,1864.89000000,1864.89000000,1864.89000000,0.00000000
1680911972000,1864.89000000,1864.89000000,1864.89000000,1864.89000000,0.00000000
1680911973000,1864.89000000,1864.89000000,1864.89000000,1864.89000000,0.00000000
1680911974000,1864.89000000,1864.89000000,1864.89000000,1864.89000000,0.00000000
1680911975000,1864.89000000,1864.89000000,1864.89000000,1864.89000000,0.00000000
1680911976000,1864.89000000,1864.89000000,1864.89000000,1864.89000000,0.00000000
1680911977000,1864.89000000,1864.89000000,1864.89000000,1864.89000000,0.00000000
1680911978000,1864.89000000,1864.89000000,1864.89000000,1864.89000000,0.00000000
1680911979000,1864.89000000,1864.89000000,1864.89000000,1864.89000000,0.00000000
1680911980000,1864.89000000,1864.89000000,1864.89000000,1864.89000000,0.00000000
1680911981000,1864.89000000,1864.89000000,1864.89000000,1864.89000000,0.00000000
1680911982000,1864.89000000,1864.89000000,1864.89000000,1864.89000000,0.00000000
1680911983000,1864.89000000,1864.89000000,1864.89000000,1864.89000000,0.00000000
1680911984000,1864.89000000,1864.89000000,1864.89000000,1864.89000000,0.00000000
1680911985000,1864.89000000,1864.89000000,1864.89000000,1864.89000000,0.00000000
1680911986000,1865.36000000,1865.36000000,1865.36000000,1865.36000000,0.31180000
1680911987000,1865.36000000,1865.36000000,1865.36000000,1865.36000000,0.00000000
1680911988000,1865.36000000,1865.36000000,1865.36000000,1865.36000000,0.00000000
1680911989000,1865.36000000,1865.36000000,1865.36000000,1865.36000000,0.00000000
1680911990000,1865.36000000,1865.36000000,1865.36000000,1865.36000000,0.00000000
1680911991000,1865.36000000,1865.36000000,1865.36000000,1865.36000000,0.00000000
1680911992000,1865.36000000,1865.36000000,1865.36000000,1865.36000000,0.00000000
1680911993000,1865.36000000,1865.36000000,1865.36000000,1865.36000000,0.00000000
1680911994000,1865.36000000,1865.36000000,1865.36000000,1865.36000000,0.00000000
1680911995000,1865.36000000,1865.36000000,1865.36000000,1865.36000000,0.00000000
1680911996000,1865.36000000,1865.36000000,1865.36000000,1865.36000000,0.00000000
1680911997000,1865.36000000,1865.36000000,1865.36000000,1865.36000000,0.00000000
1680911998000,1865.36000000,1865.36000000,1865.36000000,1865.36000000,0.00000000
1680911999000,1865.36000000,1865.36000000,1865.36000000,1865.36000000,0.00000000
1680912000000,1865.36000000,1865.36000000,1865.36000000,1865.36000000,0.00000000
1680912001000,1865.36000000,1865.36000000,1865.36000000,1865.36000000,0.00000000
1680912002000,1865.36000000,1865.36000000,1865.36000000,1865.36000000,0.00000000
1680912003000,1865.36000000,1865.36000000,1865.36000000,1865.36000000,0.00000000
1680912004000,1865.36000000,1865.36000000,1865.36000000,1865.36000000,0.00000000
1680912005000,1865.36000000,1865.36000000,1865.36000000,1865.36000000,0.00000000
1680912006000,1865.36000000,1865.36000000,1865.36000000,1865.36000000,0.00000000
1680912007000,1865.36000000,1865.36000000,1865.36000000,1865.36000000,0.00000000
1680912008000,1865.36000000,1865.36000000,1865.36000000,1865.36000000,0.00000000
1680912009000,1865.36000000,1865.36000000,1865.36000000,1865.36000000,0.00000000
1680912010000,1865.36000000,1865.36000000,1865.36000000,1865.36000000,0.00000000
1680912011000,1865.36000000,1865.36000000,1865.36000000,1865.36000000,0.00000000
1680912012000,1865.36000000,1865.36000000,1865.36000000,1865.36000000,0.00000000
1680912013000,1865.36000000,1865.36000000,1865.36000000,1865.36000000,0.00000000
1680912014000,1865.36000000,1865.36000000,1865.36000000,1865.36000000,0.00000000
1680912015000,1865.36000000,1865.36000000,1865.36000000,1865.36000000,0.00000000
1680912016000,1865.36000000,1865.36000000,1865.36000000,1865.36000000,0.00000000
1680912017000,1865.36000000,1865.36000000,1865.36000000,1865.36000000,0.00000000
1680912018000,1865.36000000,1865.36000000,1865.36000000,1865.36000000,0.00000000
1680912019000,1865.36000000,1865.36000000,1865.36000000,1865.36000000,0.00000000
1680912020000,1865.36000000,1865.36000000,1865.36000000,1865.36000000,0.00000000
1680912021000,1865.36000000,1865.36000000,1865.36000000,1865.36000000,0.00000000
1680912022000,1865.36000000,1865.36000000,1865.36000000,1865.36000000,0.00000000
1680912023000,1865.36000000,1865.36000000,1865.36000000,1865.36000000,0.00000000
1680912024000,1865.36000000,1865.36000000,1865.36000000,1865.36000000,0.00000000
1680912025000,1865.36000000,1865.36000000,1865.36000000,1865.36000000,0.00000000
1680912026000,1865.36000000,1865.36000000,1865.36000000,1865.36000000,0.00000000
1680912027000,1865.36000000,1865.36000000,1865.36000000,1865.36000000,0.00000000
1680912028000,1865.36000000,1865.36000000,1865.36000000,1865.36000000,0.00000000
1680912029000,1865.36000000,1865.36000000,1865.36000000,1865.36000000,0.00000000
1680912030000,1865.36000000,1865.36000000,1865.36000000,1865.36000000,0.00000000
1680912031000,1865.36000000,1865.36000000,1865.36000000,1865.36000000,0.00000000
1680912032000,1865.36000000,1865.36000000,1865.36000000,1865.36000000,0.00000000
1680912033000,1865.36000000,1865.36000000,1865.36000000,1865.36000000,0.00000000
1680912034000,1865.36000000,1865.36000000,1865.36000000,1865.36000000,0.00000000
1680912035000,1865.36000000,1865.36000000,1865.36000000,1865.36000000,0.00000000
1680912036000,1865.36000000,1865.36000000,1865.36000000,1865.36000000,0.00000000
1680912037000,1865.36000000,1865.36000000,1865.36000000,1865.36000000,0.00000000
1680912038000,1865.36000000,1865.36000000,1865.36000000,1865.36000000,0.00000000
1680912039000,1865.36000000,1865.36000000,1865.36000000,1865.36000000,0.00000000
1680912040000,1865.36000000,1865.36000000,1865.36000000,1865.36000000,0.00000000
1680912041000,1865.36000000,1865.36000000,1865.36000000,1865.36000000,0.00000000
1680912042000,1865.36000000,1865.36000000,1865.36000000,1865.36000000,0.00000000
1680912043000,1865.36000000,1865.36000000,1865.36000000,1865.36000000,0.00000000
1680912044000,1865.36000000,1865.36000000,1865.36000000,1865.36000000,0.00000000
1680912045000,1865.36000000,1865.36000000,1865.36000000,1865.36000000,0.00000000
1680912046000,1865.36000000,1865.36000000,1865.36000000,1865.36000000,0.00000000
1680912047000,1865.36000000,1865.36000000,1865.36000000,1865.36000000,0.00000000
1680912048000,1865.36000000,1865.36000000,1865.36000000,1865.36000000,0.00000000
1680912049000,1865.36000000,1865.36000000,1865.36000000,1865.36000000,0.00000000
1680912050000,1865.36000000,1865.36000000,1865.36000000,1865.36000000,0.00000000
1680912051000,1865.36000000,1865.36000000,1865.36000000,1865.36000000,0.00000000
1680912052000,1865.36000000,1865.36000000,1865.36000000,1865.36000000,0.00000000
1680912053000,1865.36000000,1865.36000000,1865.36000000,1865.36000000,0.00000000
1680912054000,1865.36000000,1865.36000000,1865.36000000,1865.36000000,0.00000000
1680912055000,1865.36000000,1865.36000000,1865.36000000,1865.36000000,0.00000000
1680912056000,1865.36000000,1865.36000000,1865.36000000,1865.36000000,0.00000000
1680912057000,1865.36000000,1865.36000000,1865.36000000,1865.36000000,0.00000000
1680912058000,1865.36000000,1865.36000000,1865.36000000,1865.36000000,0.00000000
1680912059000,1864.79000000,1864.79000000,1864.77000000,1864.77000000,0.04020000
1680912060000,1864.77000000,1864.77000000,1864.77000000,1864.77000000,0.00000000
1680912061000,1864.77000000,1864.77000000,1864.77000000,1864.77000000,0.00000000
1680912062000,1864.77000000,1864.77000000,1864.77000000,1864.77000000,0.00000000
1680912063000,1864.77000000,1864.77000000,1864.77000000,1864.77000000,0.00000000
1680912064000,1864.77000000,1864.77000000,1864.77000000,1864.77000000,0.00000000
1680912065000,1864.77000000,1864.77000000,1864.77000000,1864.77000000,0.00000000
1680912066000,1864.77000000,1864.77000000,1864.77000000,1864.77000000,0.00000000
1680912067000,1864.77000000,1864.77000000,1864.77000000,1864.77000000,0.00000000
1680912068000,1864.77000000,1864.77000000,1864.77000000,1864.77000000,0.00000000
1680912069000,1864.77000000,1864.77000000,1864.77000000,1864.77000000,0.00000000
1680912070000,1864.77000000,1864.77000000,1864.77000000,1864.77000000,0.00000000
1680912071000,1864.77000000,1864.77000000,1864.77000000,1864.77000000,0.00000000
1680912072000,1864.77000000,1864.77000000,1864.77000000,1864.77000000,0.00000000
1680912073000,1864.77000000,1864.77000000,1864.77000000,1864.77000000,0.00000000
1680912074000,1864.77000000,1864.77000000,1864.77000000,1864.77000000,0.00000000
1680912075000,1864.77000000,1864.77000000,1864.77000000,1864.77000000,0.00000000
1680912076000,1864.77000000,1864.77000000,1864.77000000,1864.77000000,0.00000000
1680912077000,1864.77000000,1864.77000000,1864.77000000,1864.77000000,0.00000000
1680912078000,1864.77000000,1864.77000000,1864.77000000,1864.77000000,0.00000000
1680912079000,1864.77000000,1864.77000000,1864.77000000,1864.77000000,0.00000000
1680912080000,1864.77000000,1864.77000000,1864.77000000,1864.77000000,0.00000000
1680912081000,1864.77000000,1864.77000000,1864.77000000,1864.77000000,0.00000000
1680912082000,1864.77000000,1864.77000000,1864.77000000,1864.77000000,0.00000000
1680912083000,1864.77000000,1864.77000000,1864.77000000,1864.77000000,0.00000000
1680912084000,1864.77000000,1864.77000000,1864.77000000,1864.77000000,0.00000000
1680912085000,1864.77000000,1864.77000000,1864.77000000,1864.77000000,0.00000000
1680912086000,1864.77000000,1864.77000000,1864.77000000,1864.77000000,0.00000000
1680912087000,1864.77000000,1864.77000000,1864.77000000,1864.77000000,0.00000000
1680912088000,1864.77000000,1864.77000000,1864.77000000,1864.77000000,0.00000000
1680912089000,1864.77000000,1864.77000000,1864.77000000,1864.77000000,0.00000000
1680912090000,1864.77000000,1864.77000000,1864.77000000,1864.77000000,0.00000000
1680912091000,1864.77000000,1864.77000000,1864.77000000,1864.77000000,0.00000000
1680912092000,1864.77000000,1864.77000000,1864.77000000,1864.77000000,0.00000000
1680912093000,1864.77000000,1864.77000000,1864.77000000,1864.77000000,0.00000000
1680912094000,1864.77000000,1864.77000000,1864.77000000,1864.77000000,0.00000000
1680912095000,1864.77000000,1864.77000000,1864.77000000,1864.77000000,0.00000000
1680912096000,1864.77000000,1864.77000000,1864.77000000,1864.77000000,0.00000000
1680912097000,1864.77000000,1864.77000000,1864.77000000,1864.77000000,0.00000000
1680912098000,1864.77000000,1864.77000000,1864.77000000,1864.77000000,0.00000000
1680912099000,1864.77000000,1864.77000000,1864.77000000,1864.77000000,0.00000000
1680912100000,1864.77000000,1864.77000000,1864.77000000,1864.77000000,0.00000000
1680912101000,1864.77000000,1864.77000000,1864.77000000,1864.77000000,0.00000000
1680912102000,1864.77000000,1864.77000000,1864.77000000,1864.77000000,0.00000000
1680912103000,1864.77000000,1864.77000000,1864.77000000,1864.77000000,0.00000000
1680912104000,1864.77000000,1864.77000000,1864.77000000,1864.77000000,0.00000000
1680912105000,1864.77000000,1864.77000000,1864.77000000,1864.77000000,0.00000000
1680912106000,1864.77000000,1864.77000000,1864.77000000,1864.77000000,0.00000000
1680912107000,1864.92000000,1864.92000000,1864.92000000,1864.92000000,0.00860000
1680912108000,1864.92000000,1864.92000000,1864.92000000,1864.92000000,0.00000000
1680912109000,1864.92000000,1864.92000000,1864.92000000,1864.92000000,0.00000000
1680912110000,1864.92000000,1864.92000000,1864.92000000,1864.92000000,0.00000000
1680912111000,1864.92000000,1864.92000000,1864.92000000,1864.92000000,0.00000000
1680912112000,1864.92000000,1864.92000000,1864.92000000,1864.92000000,0.00000000
1680912113000,1864.92000000,1864.92000000,1864.92000000,1864.92000000,0.00000000
1680912114000,1864.92000000,1864.92000000,1864.92000000,1864.92000000,0.00000000
1680912115000,1864.92000000,1864.92000000,1864.92000000,1864.92000000,0.00000000
1680912116000,1864.92000000,1864.92000000,1864.92000000,1864.92000000,0.00000000
1680912117000,1864.92000000,1864.92000000,1864.92000000,1864.92000000,0.00000000
1680912118000,1864.92000000,1864.92000000,1864.92000000,1864.92000000,0.00000000
1680912119000,1864.92000000,1864.92000000,1864.92000000,1864.92000000,0.00000000
1680912120000,1864.92000000,1864.92000000,1864.92000000,1864.92000000,0.00000000
1680912121000,1864.92000000,1864.92000000,1864.92000000,1864.92000000,0.00000000
1680912122000,1864.92000000,1864.92000000,1864.92000000,1864.92000000,0.00000000
1680912123000,1864.92000000,1864.92000000,1864.92000000,1864.92000000,0.00000000
1680912124000,1864.92000000,1864.92000000,1864.92000000,1864.92000000,0.00000000
1680912125000,1864.92000000,1864.92000000,1864.92000000,1864.92000000,0.00000000
1680912126000,1864.92000000,1864.92000000,1864.92000000,1864.92000000,0.00000000
1680912127000,1864.92000000,1864.92000000,1864.92000000,1864.92000000,0.00000000
1680912128000,1864.92000000,1864.92000000,1864.92000000,1864.92000000,0.00000000
1680912129000,1864.92000000,1864.92000000,1864.92000000,1864.92000000,0.00000000
1680912130000,1864.92000000,1864.92000000,1864.92000000,1864.92000000,0.00000000
1680912131000,1864.92000000,1864.92000000,1864.92000000,1864.92000000,0.00000000
1680912132000,1864.92000000,1864.92000000,1864.92000000,1864.92000000,0.00000000
1680912133000,1864.92000000,1864.92000000,1864.92000000,1864.92000000,0.00000000
1680912134000,1864.92000000,1864.92000000,1864.92000000,1864.92000000,0.00000000
1680912135000,1864.92000000,1864.92000000,1864.92000000,1864.92000000,0.00000000
1680912136000,1864.92000000,1864.92000000,1864.92000000,1864.92000000,0.00000000
1680912137000,1864.92000000,1864.92000000,1864.92000000,1864.92000000,0.00000000
1680912138000,1864.92000000,1864.92000000,1864.92000000,1864.92000000,0.00000000
1680912139000,1864.92000000,1864.92000000,1864.92000000,1864.92000000,0.00000000
1680912140000,1864.92000000,1864.92000000,1864.92000000,1864.92000000,0.00000000
1680912141000,1864.92000000,1864.92000000,1864.92000000,1864.92000000,0.00000000
1680912142000,1864.92000000,1864.92000000,1864.92000000,1864.92000000,0.00000000
1680912143000,1864.35000000,1864.35000000,1864.35000000,1864.35000000,0.01550000
1680912144000,1864.35000000,1864.35000000,1864.35000000,1864.35000000,0.00000000
1680912145000,1864.35000000,1864.35000000,1864.35000000,1864.35000000,0.00000000
1680912146000,1864.35000000,1864.35000000,1864.35000000,1864.35000000,0.00000000
1680912147000,1864.35000000,1864.35000000,1864.35000000,1864.35000000,0.00000000
1680912148000,1864.35000000,1864.35000000,1864.35000000,1864.35000000,0.00000000
1680912149000,1864.35000000,1864.35000000,1864.35000000,1864.35000000,0.00000000
1680912150000,1864.35000000,1864.35000000,1864.35000000,1864.35000000,0.00000000
1680912151000,1864.35000000,1864.35000000,1864.35000000,1864.35000000,0.00000000
1680912152000,1864.35000000,1864.35000000,1864.35000000,1864.35000000,0.00000000
1680912153000,1864.35000000,1864.35000000,1864.35000000,1864.35000000,0.00000000
1680912154000,1864.35000000,1864.35000000,1864.35000000,1864.35000000,0.00000000
1680912155000,1864.35000000,1864.35000000,1864.35000000,1864.35000000,0.00000000
1680912156000,1864.35000000,1864.35000000,1864.35000000,1864.35000000,0.00000000
1680912157000,1864.35000000,1864.35000000,1864.35000000,1864.35000000,0.00000000
1680912158000,1864.35000000,1864.35000000,1864.35000000,1864.35000000,0.00000000
1680912159000,1864.35000000,1864.35000000,1864.35000000,1864.35000000,0.00000000
1680912160000,1864.35000000,1864.35000000,1864.35000000,1864.35000000,0.00000000
1680912161000,1864.35000000,1864.35000000,1864.35000000,1864.35000000,0.00000000
1680912162000,1864.35000000,1864.35000000,1864.35000000,1864.35000000,0.00000000
1680912163000,1864.35000000,1864.35000000,1864.35000000,1864.35000000,0.00000000
1680912164000,1864.35000000,1864.35000000,1864.35000000,1864.35000000,0.00000000
1680912165000,1864.35000000,1864.35000000,1864.35000000,1864.35000000,0.00000000
1680912166000,1864.35000000,1864.35000000,1864.35000000,1864.35000000,0.00000000
1680912167000,1864.35000000,1864.35000000,1864.35000000,1864.35000000,0.00000000
1680912168000,1864.35000000,1864.35000000,1864.35000000,1864.35000000,0.00000000
1680912169000,1864.35000000,1864.35000000,1864.35000000,1864.35000000,0.00000000
1680912170000,1864.35000000,1864.35000000,1864.35000000,1864.35000000,0.00000000
1680912171000,1864.35000000,1864.35000000,1864.35000000,1864.35000000,0.00000000
1680912172000,1864.35000000,1864.35000000,1864.35000000,1864.35000000,0.00000000
1680912173000,1864.35000000,1864.35000000,1864.35000000,1864.35000000,0.00000000
1680912174000,1864.80000000,1864.80000000,1864.78000000,1864.78000000,2.68360000
1680912175000,1864.78000000,1864.78000000,1864.78000000,1864.78000000,0.00000000
1680912176000,1864.78000000,1864.78000000,1864.78000000,1864.78000000,0.00000000
1680912177000,1864.78000000,1864.78000000,1864.78000000,1864.78000000,0.00000000
1680912178000,1864.78000000,1864.78000000,1864.78000000,1864.78000000,0.00000000
1680912179000,1864.78000000,1864.78000000,1864.78000000,1864.78000000,0.00000000
1680912180000,1864.78000000,1864.78000000,1864.78000000,1864.78000000,0.00000000
1680912181000,1864.78000000,1864.78000000,1864.78000000,1864.78000000,0.00000000
1680912182000,1864.78000000,1864.78000000,1864.78000000,1864.78000000,0.00000000
1680912183000,1864.78000000,1864.78000000,1864.78000000,1864.78000000,0.00000000
1680912184000,1864.78000000,1864.78000000,1864.78000000,1864.78000000,0.00000000
1680912185000,1864.78000000,1864.78000000,1864.78000000,1864.78000000,0.00000000
1680912186000,1864.78000000,1864.78000000,1864.78000000,1864.78000000,0.00000000
1680912187000,1864.78000000,1864.78000000,1864.78000000,1864.78000000,0.00000000
1680912188000,1864.78000000,1864.78000000,1864.78000000,1864.78000000,0.00000000
1680912189000,1864.78000000,1864.78000000,1864.78000000,1864.78000000,0.00000000
1680912190000,1864.78000000,1864.78000000,1864.78000000,1864.78000000,0.00000000
1680912191000,1864.78000000,1864.78000000,1864.78000000,1864.78000000,0.00000000
1680912192000,1864.78000000,1864.78000000,1864.78000000,1864.78000000,0.00000000
1680912193000,1864.78000000,1864.78000000,1864.78000000,1864.78000000,0.00000000
1680912194000,1864.78000000,1864.78000000,1864.78000000,1864.78000000,0.00000000
1680912195000,1864.78000000,1864.78000000,1864.78000000,1864.78000000,0.00000000
1680912196000,1864.78000000,1864.78000000,1864.78000000,1864.78000000,0.00000000
1680912197000,1864.78000000,1864.78000000,1864.78000000,1864.78000000,0.00000000
1680912198000,1864.78000000,1864.78000000,1864.78000000,1864.78000000,0.00000000
1680912199000,1864.78000000,1864.78000000,1864.78000000,1864.78000000,0.00000000
1680912200000,1864.78000000,1864.78000000,1864.78000000,1864.78000000,0.00000000
1680912201000,1864.78000000,1864.78000000,1864.78000000,1864.78000000,0.00000000
1680912202000,1864.78000000,1864.78000000,1864.78000000,1864.78000000,0.00000000
1680912203000,1865.10000000,1865.10000000,1865.10000000,1865.10000000,0.40000000
1680912204000,1865.27000000,1865.27000000,1865.27000000,1865.27000000,0.80000000
1680912205000,1865.27000000,1865.27000000,1865.27000000,1865.27000000,0.00000000
1680912206000,1865.27000000,1865.27000000,1865.27000000,1865.27000000,0.00000000
1680912207000,1865.27000000,1865.27000000,1865.27000000,1865.27000000,0.00000000
1680912208000,1865.27000000,1865.27000000,1865.27000000,1865.27000000,0.00000000
1680912209000,1865.27000000,1865.27000000,1865.27000000,1865.27000000,0.00000000
1680912210000,1865.27000000,1865.27000000,1865.27000000,1865.27000000,0.00000000
1680912211000,1865.27000000,1865.27000000,1865.27000000,1865.27000000,0.00000000
1680912212000,1865.27000000,1865.27000000,1865.27000000,1865.27000000,0.00000000
1680912213000,1865.27000000,1865.27000000,1865.27000000,1865.27000000,0.00000000
1680912214000,1865.27000000,1865.27000000,1865.27000000,1865.27000000,0.00000000
1680912215000,1865.27000000,1865.27000000,1865.27000000,1865.27000000,0.00000000
1680912216000,1865.27000000,1865.27000000,1865.27000000,1865.27000000,0.00000000
1680912217000,1865.27000000,1865.27000000,1865.27000000,1865.27000000,0.00000000
1680912218000,1865.27000000,1865.27000000,1865.27000000,1865.27000000,0.00000000
1680912219000,1865.27000000,1865.27000000,1865.27000000,1865.27000000,0.00000000
1680912220000,1865.27000000,1865.27000000,1865.27000000,1865.27000000,0.00000000
1680912221000,1865.27000000,1865.27000000,1865.27000000,1865.27000000,0.00000000
1680912222000,1865.27000000,1865.27000000,1865.27000000,1865.27000000,0.00000000
1680912223000,1865.27000000,1865.27000000,1865.27000000,1865.27000000,0.00000000
1680912224000,1865.27000000,1865.27000000,1865.27000000,1865.27000000,0.00000000
1680912225000,1865.27000000,1865.27000000,1865.27000000,1865.27000000,0.00000000
1680912226000,1865.27000000,1865.27000000,1865.27000000,1865.27000000,0.00000000
1680912227000,1865.27000000,1865.27000000,1865.27000000,1865.27000000,0.00000000
1680912228000,1865.27000000,1865.27000000,1865.27000000,1865.27000000,0.00000000
1680912229000,1865.27000000,1865.27000000,1865.27000000,1865.27000000,0.00000000
1680912230000,1865.27000000,1865.27000000,1865.27000000,1865.27000000,0.00000000
1680912231000,1865.27000000,1865.27000000,1865.27000000,1865.27000000,0.00000000
1680912232000,1865.27000000,1865.27000000,1865.27000000,1865.27000000,0.00000000
1680912233000,1865.27000000,1865.27000000,1865.27000000,1865.27000000,0.00000000
1680912234000,1865.27000000,1865.27000000,1865.27000000,1865.27000000,0.00000000
1680912235000,1865.27000000,1865.27000000,1865.27000000,1865.27000000,0.00000000
1680912236000,1865.27000000,1865.27000000,1865.27000000,1865.27000000,0.00000000
1680912237000,1865.27000000,1865.27000000,1865.27000000,1865.27000000,0.00000000
1680912238000,1865.27000000,1865.27000000,1865.27000000,1865.27000000,0.00000000
1680912239000,1865.27000000,1865.27000000,1865.27000000,1865.27000000,0.00000000
1680912240000,1865.27000000,1865.27000000,1865.27000000,1865.27000000,0.00000000
1680912241000,1865.27000000,1865.27000000,1865.27000000,1865.27000000,0.00000000
1680912242000,1865.27000000,1865.27000000,1865.27000000,1865.27000000,0.00000000
1680912243000,1865.27000000,1865.27000000,1865.27000000,1865.27000000,0.00000000
1680912244000,1865.27000000,1865.27000000,1865.27000000,1865.27000000,0.00000000
1680912245000,1865.27000000,1865.27000000,1865.27000000,1865.27000000,0.00000000
1680912246000,1865.27000000,1865.27000000,1865.27000000,1865.27000000,0.00000000
1680912247000,1865.27000000,1865.27000000,1865.27000000,1865.27000000,0.00000000
1680912248000,1865.27000000,1865.27000000,1865.27000000,1865.27000000,0.00000000
1680912249000,1865.27000000,1865.27000000,1865.27000000,1865.27000000,0.00000000
1680912250000,1865.27000000,1865.27000000,1865.27000000,1865.27000000,0.00000000
1680912251000,1865.27000000,1865.27000000,1865.27000000,1865.27000000,0.00000000
1680912252000,1865.27000000,1865.27000000,1865.27000000,1865.27000000,0.00000000
1680912253000,1865.27000000,1865.27000000,1865.27000000,1865.27000000,0.00000000
1680912254000,1865.27000000,1865.27000000,1865.27000000,1865.27000000,0.00000000
1680912255000,1865.27000000,1865.27000000,1865.27000000,1865.27000000,0.00000000
1680912256000,1865.27000000,1865.27000000,1865.27000000,1865.27000000,0.00000000
1680912257000,1865.27000000,1865.27000000,1865.27000000,1865.27000000,0.00000000
1680912258000,1865.27000000,1865.27000000,1865.27000000,1865.27000000,0.00000000
1680912259000,1865.27000000,1865.27000000,1865.27000000,1865.27000000,0.00000000
1680912260000,1865.27000000,1865.27000000,1865.27000000,1865.27000000,0.00000000
1680912261000,1865.27000000,1865.27000000,1865.27000000,1865.27000000,0.00000000
1680912262000,1865.27000000,1865.27000000,1865.27000000,1865.27000000,0.00000000
1680912263000,1865.27000000,1865.27000000,1865.27000000,1865.27000000,0.00000000
1680912264000,1865.27000000,1865.27000000,1865.27000000,1865.27000000,0.00000000
1680912265000,1865.27000000,1865.27000000,1865.27000000,1865.27000000,0.00000000
1680912266000,1865.27000000,1865.27000000,1865.27000000,1865.27000000,0.00000000
1680912267000,1865.27000000,1865.27000000,1865.27000000,1865.27000000,0.00000000
1680912268000,1865.27000000,1865.27000000,1865.27000000,1865.27000000,0.00000000
1680912269000,1865.27000000,1865.27000000,1865.27000000,1865.27000000,0.00000000
1680912270000,1865.27000000,1865.27000000,1865.27000000,1865.27000000,0.00000000
1680912271000,1865.27000000,1865.27000000,1865.27000000,1865.27000000,0.00000000
1680912272000,1865.27000000,1865.27000000,1865.27000000,1865.27000000,0.00000000
1680912273000,1865.27000000,1865.27000000,1865.27000000,1865.27000000,0.00000000
1680912274000,1865.27000000,1865.27000000,1865.27000000,1865.27000000,0.00000000
1680912275000,1865.27000000,1865.27000000,1865.27000000,1865.27000000,0.00000000
1680912276000,1865.27000000,1865.27000000,1865.27000000,1865.27000000,0.00000000
1680912277000,1865.27000000,1865.27000000,1865.27000000,1865.27000000,0.00000000
1680912278000,1865.27000000,1865.27000000,1865.27000000,1865.27000000,0.00000000
1680912279000,1865.27000000,1865.27000000,1865.27000000,1865.27000000,0.00000000
1680912280000,1865.27000000,1865.27000000,1865.27000000,1865.27000000,0.00000000
1680912281000,1864.99000000,1864.99000000,1864.99000000,1864.99000000,0.37760000
1680912282000,1864.99000000,1864.99000000,1864.99000000,1864.99000000,0.00000000
1680912283000,1864.99000000,1864.99000000,1864.99000000,1864.99000000,0.00000000
1680912284000,1864.99000000,1864.99000000,1864.99000000,1864.99000000,0.00000000
1680912285000,1864.99000000,1864.99000000,1864.99000000,1864.99000000,0.00000000
1680912286000,1864.99000000,1864.99000000,1864.99000000,1864.99000000,0.00000000
1680912287000,1864.99000000,1864.99000000,1864.99000000,1864.99000000,0.00000000
1680912288000,1864.99000000,1864.99000000,1864.99000000,1864.99000000,0.00000000
1680912289000,1864.99000000,1864.99000000,1864.99000000,1864.99000000,0.00000000
1680912290000,1864.99000000,1864.99000000,1864.99000000,1864.99000000,0.00000000
